Sample_ID,pH,Moisture_pct,Soil_Temp_C,EC_ms_cm,Nitrogen_N,Phosphorus_P,Potassium_K
S_0001,6.0,17.41,26.19,2.18,69.85,25.55,85.36
S_0002,8.3,31.68,25.95,2.49,79.66,21.25,88.3
S_0003,7.43,44.92,36.5,1.13,47.68,25.39,47.93
S_0004,6.89,39.29,25.99,2.06,73.42,29.49,61.65
S_0005,5.12,42.26,26.35,1.93,67.08,22.29,76.28
S_0006,5.12,36.35,34.15,2.58,79.2,17.59,103.36
S_0007,4.73,37.69,29.2,2.77,82.32,19.85,118.75
S_0008,7.96,43.97,34.43,0.53,26.48,25.08,30.94
S_0009,6.9,19.99,23.05,2.19,62.8,27.11,82.56
S_0010,7.33,29.58,29.8,0.63,31.33,25.11,23.69
S_0011,4.58,18.85,22.54,1.87,55.69,23.36,67.14
S_0012,8.38,49.51,23.0,1.22,53.18,18.46,37.52
S_0013,7.83,47.76,36.5,1.27,50.9,18.72,53.9
S_0014,5.35,11.58,24.23,1.38,43.33,23.77,42.46
S_0015,5.23,38.22,30.52,2.05,63.77,22.2,77.85
S_0016,5.23,47.01,28.58,1.34,60.89,20.75,43.65
S_0017,5.72,17.22,27.56,2.33,61.85,25.57,98.7
S_0018,6.6,32.72,36.4,1.51,50.35,30.97,78.41
S_0019,6.23,46.62,22.35,0.67,32.73,28.62,13.78
S_0020,5.66,11.36,32.62,2.46,64.67,26.72,79.87
S_0021,6.95,37.9,37.41,1.21,54.08,33.19,47.15
S_0022,5.06,21.89,30.96,1.58,53.02,21.77,63.36
S_0023,5.67,46.98,36.99,2.21,83.63,26.69,90.59
S_0024,5.97,48.84,22.84,1.33,60.28,25.82,48.74
S_0025,6.32,47.77,28.7,0.64,34.37,26.56,23.59
S_0026,7.64,28.97,26.16,1.43,48.58,22.55,60.88
S_0027,5.3,44.48,33.69,2.86,89.84,22.56,124.8
S_0028,6.56,43.78,37.7,2.1,81.04,30.78,64.45
S_0029,6.87,22.76,26.1,2.18,59.9,35.2,83.51
S_0030,4.69,43.16,32.47,2.08,78.05,18.8,85.34
S_0031,6.93,11.48,25.17,1.0,35.2,26.6,30.82
S_0032,5.18,33.85,31.05,1.55,64.82,23.21,79.31
S_0033,4.76,19.2,29.42,2.38,67.05,22.49,88.85
S_0034,8.3,14.82,37.55,0.75,29.72,21.79,29.59
S_0035,8.36,13.08,31.74,1.19,47.7,24.55,53.16
S_0036,7.73,37.85,27.59,1.19,45.59,16.57,41.69
S_0037,5.72,23.59,23.83,1.58,43.62,18.94,44.73
S_0038,4.89,38.99,24.42,2.95,83.84,20.46,113.71
S_0039,7.24,12.61,25.61,0.67,26.62,29.59,37.09
S_0040,6.26,22.61,26.02,1.8,46.89,24.1,68.63
S_0041,4.99,31.58,35.61,0.95,37.68,13.43,29.54
S_0042,6.48,41.63,30.98,2.93,96.25,31.61,126.46
S_0043,4.64,22.75,30.37,0.78,31.8,21.43,27.89
S_0044,8.14,35.04,23.84,1.51,57.4,18.53,55.3
S_0045,5.54,45.44,35.76,2.34,82.33,22.24,95.09
S_0046,7.15,34.63,33.57,2.26,80.21,23.84,98.11
S_0047,5.75,19.32,23.08,1.56,43.9,26.58,86.22
S_0048,6.58,10.98,33.33,1.37,36.36,27.72,63.07
S_0049,6.69,44.8,30.7,1.49,55.79,30.53,71.2
S_0050,5.24,10.85,23.31,1.16,38.58,15.14,41.34
S_0051,8.38,44.99,29.33,1.01,52.25,18.03,30.14
S_0052,7.6,31.16,29.76,1.71,60.59,21.12,69.02
S_0053,8.26,47.56,24.65,1.17,58.95,20.43,47.87
S_0054,8.08,41.95,37.13,1.22,45.58,20.49,38.01
S_0055,6.89,49.92,35.6,2.14,86.8,30.44,83.85
S_0056,8.19,24.03,32.7,2.92,92.63,15.97,120.79
S_0057,4.85,40.69,29.4,2.01,74.27,21.89,84.0
S_0058,5.28,26.08,28.59,0.69,39.2,25.58,32.64
S_0059,4.68,29.2,32.42,0.69,23.57,26.47,30.51
S_0060,5.8,35.1,30.73,2.88,86.93,25.05,110.13
S_0061,6.05,44.95,23.0,1.24,49.8,28.72,44.46
S_0062,5.59,49.36,30.2,0.73,46.54,20.04,17.21
S_0063,7.81,40.73,34.9,2.0,65.11,16.27,97.85
S_0064,5.93,26.71,29.35,2.06,68.64,29.68,82.53
S_0065,5.62,26.85,22.83,2.12,73.28,25.58,82.55
S_0066,6.67,39.5,34.58,1.17,52.48,32.69,37.51
S_0067,5.06,19.55,25.22,0.54,24.69,18.68,50.96
S_0068,7.71,14.42,26.14,2.91,75.02,25.51,105.67
S_0069,4.8,24.18,24.64,1.13,36.11,27.11,40.91
S_0070,8.45,21.49,27.28,2.19,71.74,21.51,91.76
S_0071,7.59,21.85,34.11,2.27,71.57,25.38,96.8
S_0072,5.29,19.34,30.31,2.03,60.22,23.98,90.78
S_0073,4.52,11.68,25.28,1.28,35.75,15.39,69.28
S_0074,7.76,10.71,36.05,1.18,24.73,27.77,52.26
S_0075,7.33,49.51,36.07,1.99,69.15,24.02,69.04
S_0076,7.42,27.11,35.93,2.67,89.86,26.91,104.23
S_0077,7.59,25.37,25.82,2.87,78.03,19.86,117.88
S_0078,4.8,37.19,29.22,0.76,38.54,17.96,51.08
S_0079,5.93,18.73,37.76,0.89,36.65,31.46,21.62
S_0080,4.96,48.0,34.35,2.86,89.23,21.26,126.43
S_0081,7.95,41.45,22.43,2.34,80.15,27.11,95.4
S_0082,6.99,13.58,23.04,2.71,79.23,27.32,116.78
S_0083,5.82,26.7,29.42,1.01,38.66,21.07,39.38
S_0084,4.75,45.16,36.55,1.97,86.17,23.93,70.38
S_0085,5.74,47.79,30.62,2.25,71.8,24.43,97.51
S_0086,5.8,28.7,29.97,2.2,74.64,28.6,94.54
S_0087,7.42,34.54,23.69,1.52,54.41,25.48,70.52
S_0088,7.05,16.68,32.51,0.54,25.7,22.62,21.47
S_0089,8.05,49.65,35.15,1.96,76.03,22.74,72.4
S_0090,6.39,19.27,28.09,1.13,34.22,36.04,29.61
S_0091,4.98,47.71,34.41,1.63,65.75,23.88,73.39
S_0092,7.35,35.99,37.43,2.89,80.96,25.58,119.84
S_0093,7.54,34.31,25.26,1.5,57.67,28.03,50.34
S_0094,6.75,30.51,30.37,2.6,81.75,29.38,98.61
S_0095,7.58,19.23,26.59,0.97,37.06,25.23,34.13
S_0096,6.48,17.06,34.69,2.18,68.32,26.63,72.37
S_0097,6.59,18.82,31.24,2.94,84.75,30.25,109.42
S_0098,6.21,17.46,32.15,0.75,28.22,31.66,18.66
S_0099,4.6,41.18,34.77,0.52,29.18,17.99,16.68
S_0100,4.93,24.01,28.34,1.58,47.94,26.42,55.81
S_0101,4.63,12.31,36.64,0.73,30.34,20.37,12.93
S_0102,7.05,48.76,30.53,2.37,90.81,24.59,115.03
S_0103,5.76,45.35,24.53,2.79,91.23,29.29,124.13
S_0104,6.53,47.11,33.13,1.59,63.54,28.99,55.81
S_0105,8.13,49.8,34.69,1.15,49.13,24.13,48.72
S_0106,5.5,16.96,27.07,1.59,54.09,24.12,67.77
S_0107,6.14,25.85,35.71,2.31,74.0,28.02,104.31
S_0108,7.52,40.33,36.5,0.52,42.87,26.38,12.61
S_0109,5.42,37.84,26.43,1.97,63.78,25.47,89.72
S_0110,4.81,16.16,37.74,2.03,56.94,15.56,75.72
S_0111,5.66,42.63,24.25,2.09,74.72,22.44,70.24
S_0112,5.14,18.98,25.23,1.11,40.47,25.99,51.64
S_0113,8.22,18.95,24.95,2.29,65.65,21.0,104.51
S_0114,7.73,31.48,36.3,0.73,29.63,22.28,55.08
S_0115,7.03,33.72,32.47,1.0,46.27,23.27,28.0
S_0116,7.99,33.2,24.43,2.69,87.46,19.31,114.59
S_0117,7.71,13.66,29.05,2.35,61.0,17.88,89.9
S_0118,5.25,45.1,31.84,0.53,42.58,23.45,29.03
S_0119,8.07,20.62,23.34,1.12,44.16,20.35,30.1
S_0120,6.66,15.18,36.12,1.04,34.26,26.3,28.97
S_0121,7.73,45.55,34.86,1.18,52.67,23.65,39.44
S_0122,8.08,48.23,30.08,1.12,54.89,23.19,45.59
S_0123,5.77,44.49,37.47,0.66,34.44,32.63,19.99
S_0124,4.94,42.38,28.68,1.65,62.59,17.66,72.59
S_0125,5.41,36.21,37.75,2.33,65.59,28.03,103.47
S_0126,6.21,32.03,32.69,2.02,70.9,31.47,86.8
S_0127,7.77,13.48,32.15,2.18,53.43,21.31,103.39
S_0128,7.94,26.34,24.66,0.7,38.19,23.41,32.16
S_0129,4.53,24.91,36.11,2.88,82.8,18.78,103.03
S_0130,6.54,20.39,28.84,2.6,74.14,30.36,117.63
S_0131,6.17,38.94,24.6,2.51,79.08,32.88,94.35
S_0132,5.39,29.84,22.2,2.56,77.48,26.27,111.5
S_0133,4.98,13.24,30.96,2.83,84.46,23.93,128.94
S_0134,5.85,18.81,30.44,1.86,43.47,25.46,78.97
S_0135,8.27,37.33,33.51,1.0,50.05,16.7,25.04
S_0136,5.79,13.05,36.24,2.04,59.22,25.82,72.42
S_0137,6.58,44.05,23.27,2.36,74.99,33.22,107.63
S_0138,7.31,29.81,33.7,2.34,68.03,21.37,91.91
S_0139,5.95,29.22,25.0,1.8,67.99,24.08,72.8
S_0140,8.39,33.7,35.73,0.67,28.87,20.93,34.39
S_0141,8.35,42.99,35.11,1.43,51.48,17.8,64.16
S_0142,5.51,23.91,30.65,2.8,87.64,22.67,114.79
S_0143,6.49,37.12,33.36,1.96,69.25,28.68,76.31
S_0144,5.7,32.63,27.03,1.85,57.88,21.9,70.87
S_0145,5.64,20.68,29.54,1.17,40.67,22.78,55.38
S_0146,4.65,45.15,35.15,1.42,52.95,22.86,62.34
S_0147,6.94,41.9,29.35,2.74,94.95,23.88,107.03
S_0148,6.51,36.34,27.72,2.17,77.73,25.16,97.62
S_0149,4.71,44.02,29.91,2.47,86.42,19.16,97.51
S_0150,5.61,44.69,35.25,1.64,65.15,27.75,57.08
S_0151,8.13,38.33,27.36,2.08,79.97,21.26,75.61
S_0152,5.46,43.48,24.78,1.12,49.74,23.41,35.01
S_0153,5.08,37.9,33.39,2.26,69.54,23.03,87.68
S_0154,6.46,37.21,35.22,1.57,60.1,24.56,75.14
S_0155,8.44,34.74,23.61,1.61,68.05,21.78,56.35
S_0156,5.47,40.11,25.84,2.12,67.98,26.0,86.68
S_0157,7.19,16.34,24.27,2.84,77.36,25.32,107.03
S_0158,7.55,45.23,27.57,0.66,41.2,27.77,23.8
S_0159,5.45,44.87,29.21,2.56,86.17,21.37,87.3
S_0160,7.41,11.17,33.98,1.23,31.42,28.83,46.99
S_0161,5.97,43.03,32.42,1.61,67.37,27.81,62.46
S_0162,7.03,15.15,31.93,0.55,32.93,26.34,27.4
S_0163,7.03,23.4,27.64,1.25,43.93,27.29,52.23
S_0164,6.64,39.74,35.46,1.76,59.35,28.98,58.42
S_0165,4.86,16.43,29.54,0.64,16.47,25.46,36.44
S_0166,7.84,42.72,37.67,1.73,65.9,20.07,71.3
S_0167,5.78,43.29,32.15,2.82,97.66,24.11,114.78
S_0168,5.25,30.3,24.02,0.76,36.53,26.86,30.31
S_0169,4.66,10.26,32.82,2.41,65.37,19.01,91.22
S_0170,6.86,21.48,27.2,1.52,45.79,30.9,62.98
S_0171,7.21,34.68,32.98,2.14,65.38,31.55,90.36
S_0172,4.57,49.25,23.11,1.15,57.55,19.14,28.53
S_0173,6.55,35.27,24.8,0.9,44.7,31.79,30.61
S_0174,5.41,20.39,35.69,0.9,24.97,21.09,33.45
S_0175,7.08,35.36,25.63,0.68,42.63,29.36,29.76
S_0176,5.2,31.6,35.39,0.96,42.67,24.1,50.33
S_0177,7.26,41.19,26.47,2.16,81.59,27.62,78.68
S_0178,6.05,14.28,32.29,2.7,67.93,25.81,103.02
S_0179,8.25,40.44,33.11,2.54,76.89,16.27,96.47
S_0180,5.05,31.65,30.2,2.21,70.33,24.26,80.38
S_0181,5.86,48.52,26.88,0.78,46.27,20.61,27.73
S_0182,4.95,23.67,25.4,1.22,51.32,21.3,56.51
S_0183,8.2,35.3,22.53,1.27,52.93,24.32,40.26
S_0184,8.01,47.28,26.86,1.12,50.43,23.03,49.08
S_0185,5.53,14.1,32.45,1.79,46.67,31.0,54.58
S_0186,7.14,47.49,37.01,1.84,75.9,29.88,67.99
S_0187,7.77,37.52,35.94,1.39,48.69,21.69,52.31
S_0188,6.72,12.71,34.26,1.38,49.0,28.98,71.95
S_0189,6.62,22.04,34.62,2.57,73.85,29.26,100.05
S_0190,5.47,38.33,32.64,2.47,88.87,20.1,76.79
S_0191,4.87,12.69,26.16,1.27,41.49,19.03,30.81
S_0192,8.09,33.29,36.52,2.78,85.46,20.37,111.54
S_0193,8.1,23.84,32.73,2.88,81.32,15.89,121.34
S_0194,7.03,34.84,30.97,1.32,48.72,27.49,56.55
S_0195,5.86,11.83,23.78,1.39,42.81,26.05,57.28
S_0196,5.9,44.86,29.15,1.76,66.82,21.98,82.02
S_0197,7.4,48.94,29.37,2.85,92.75,26.71,108.6
S_0198,8.09,48.76,35.83,2.69,90.8,24.2,116.55
S_0199,8.05,39.99,30.75,0.76,39.39,22.93,14.08
S_0200,7.62,15.2,28.09,1.48,33.96,23.43,50.15
S_0201,7.07,40.33,37.63,1.88,69.46,28.92,57.13
S_0202,4.84,10.98,23.77,1.76,44.59,23.74,67.65
S_0203,5.15,10.88,28.76,0.98,24.17,24.17,38.74
S_0204,8.09,22.94,22.67,2.65,69.28,19.58,107.14
S_0205,6.93,29.55,33.84,2.19,60.56,28.68,88.22
S_0206,4.54,40.82,36.69,2.59,78.38,23.79,94.32
S_0207,4.91,37.33,26.48,2.65,81.37,20.26,104.1
S_0208,7.15,27.84,35.73,2.37,82.94,33.04,79.83
S_0209,4.52,20.95,26.68,1.6,47.85,18.52,77.63
S_0210,5.14,49.88,36.57,2.03,76.58,23.3,78.16
S_0211,6.69,27.05,34.06,0.9,38.03,27.03,31.11
S_0212,7.27,28.06,34.88,2.18,69.19,26.82,103.09
S_0213,7.11,16.54,22.29,0.95,31.63,21.72,25.58
S_0214,5.4,41.79,37.4,2.23,70.67,22.86,77.94
S_0215,7.35,37.75,33.63,1.07,52.88,22.47,31.84
S_0216,5.45,18.83,26.88,0.79,38.2,25.16,30.92
S_0217,5.8,13.3,35.27,0.91,20.99,29.48,40.72
S_0218,7.49,37.22,26.5,0.5,25.99,26.99,27.4
S_0219,7.1,36.18,35.96,2.3,74.19,19.89,117.72
S_0220,7.9,20.93,23.8,2.33,63.89,29.13,70.71
S_0221,7.13,48.03,33.26,1.79,71.29,27.74,77.69
S_0222,6.77,16.04,30.65,0.9,26.88,26.32,30.43
S_0223,4.87,27.29,23.54,0.71,42.22,22.32,22.54
S_0224,5.97,47.74,25.87,0.55,43.57,27.88,15.8
S_0225,5.56,26.79,22.2,0.91,37.21,23.3,27.31
S_0226,5.48,35.54,29.5,2.73,91.15,25.49,126.05
S_0227,8.39,25.9,26.82,1.1,45.98,18.73,52.42
S_0228,6.07,20.97,31.57,1.39,42.42,26.64,55.83
S_0229,8.07,49.36,26.76,0.76,39.6,20.09,43.91
S_0230,7.02,26.37,26.8,1.06,40.08,23.1,27.27
S_0231,7.68,45.76,33.89,1.8,72.19,24.54,58.69
S_0232,6.51,19.2,22.77,2.02,60.8,31.71,59.02
S_0233,6.81,18.52,36.45,1.11,29.13,29.99,37.41
S_0234,6.47,11.25,35.64,0.64,17.61,32.31,27.22
S_0235,5.28,36.07,32.68,1.48,54.67,24.87,60.23
S_0236,7.39,24.74,31.49,1.09,39.24,23.95,45.09
S_0237,5.62,44.57,36.28,1.05,58.4,28.12,27.89
S_0238,4.6,28.93,24.97,2.9,80.04,16.43,124.03
S_0239,7.08,48.73,23.26,2.04,77.89,24.4,84.0
S_0240,5.21,17.42,25.83,1.89,63.41,20.66,82.93
S_0241,8.26,44.74,34.71,1.54,72.23,24.44,42.67
S_0242,8.32,41.06,22.55,1.57,57.76,23.73,65.91
S_0243,8.16,40.84,31.32,1.85,69.13,23.16,62.12
S_0244,5.98,43.79,37.93,2.24,80.74,30.62,85.63
S_0245,4.56,40.44,35.69,2.26,77.7,17.66,95.74
S_0246,8.21,35.05,30.34,0.93,40.28,22.5,38.11
S_0247,6.21,15.25,23.02,1.75,53.55,28.17,61.48
S_0248,8.37,11.3,35.3,1.53,31.24,23.19,61.26
S_0249,8.35,46.83,31.58,2.68,93.83,20.4,91.88
S_0250,7.91,34.67,23.84,2.08,69.97,21.8,94.7
S_0251,5.68,41.86,23.5,1.83,65.57,27.52,71.15
S_0252,6.04,29.26,36.55,0.79,44.61,30.33,42.79
S_0253,7.9,14.69,32.71,2.01,54.22,20.99,75.13
S_0254,5.77,15.01,35.27,0.79,25.24,26.17,26.36
S_0255,5.18,37.42,36.06,1.34,62.17,20.22,45.96
S_0256,6.73,27.21,31.15,0.86,30.94,21.36,43.16
S_0257,8.24,18.02,30.28,2.23,62.01,21.9,82.11
S_0258,7.28,29.66,28.89,1.02,39.59,27.93,47.25
S_0259,6.78,12.57,27.07,1.48,47.49,29.39,55.38
S_0260,4.89,33.28,28.95,2.74,86.18,16.1,89.84
S_0261,6.96,20.76,34.38,1.01,29.17,26.65,34.7
S_0262,8.46,41.9,31.63,1.77,62.54,13.54,59.01
S_0263,5.06,22.41,36.28,1.55,46.92,26.91,62.34
S_0264,6.57,28.21,29.09,0.55,27.47,26.39,10.1
S_0265,8.01,10.46,31.71,2.48,69.36,26.22,108.46
S_0266,7.46,12.9,32.1,0.67,25.29,28.04,25.89
S_0267,7.29,25.7,31.47,1.69,46.22,23.35,65.82
S_0268,7.31,29.2,33.24,1.9,67.42,22.55,82.56
S_0269,5.94,34.0,25.8,2.07,70.01,28.25,92.44
S_0270,5.67,21.67,30.2,2.22,73.26,23.32,88.6
S_0271,7.74,37.8,23.67,1.13,49.37,24.11,37.49
S_0272,7.74,44.4,28.15,0.52,40.71,22.35,3.06
S_0273,7.97,41.19,29.8,2.31,80.68,17.31,85.54
S_0274,8.15,11.58,32.44,1.84,58.52,15.06,67.43
S_0275,6.55,29.22,37.21,2.59,81.97,30.43,104.67
S_0276,6.51,14.2,31.61,2.55,70.36,28.27,98.55
S_0277,7.69,19.68,33.9,2.61,86.45,22.39,111.28
S_0278,7.1,49.47,30.1,1.71,71.93,29.09,62.27
S_0279,7.31,15.7,32.15,1.33,43.97,29.47,52.63
S_0280,7.68,29.96,23.13,2.48,70.6,23.28,111.04
S_0281,8.06,34.73,26.07,1.63,51.67,21.18,68.62
S_0282,5.85,38.1,27.79,0.96,44.51,28.25,37.8
S_0283,6.0,32.39,29.56,2.64,82.92,23.43,99.58
S_0284,4.88,10.39,22.73,2.71,69.87,22.57,102.07
S_0285,6.81,23.06,24.24,1.67,53.98,30.11,58.29
S_0286,4.64,30.71,26.43,0.69,40.55,22.74,22.19
S_0287,6.36,13.51,37.54,1.47,46.98,23.49,66.36
S_0288,6.67,24.03,27.3,2.51,69.06,26.87,98.18
S_0289,5.65,11.33,29.71,2.75,73.86,23.12,96.5
S_0290,6.86,13.14,25.14,1.01,27.8,28.5,58.08
S_0291,4.62,25.88,31.77,0.67,27.75,22.04,30.0
S_0292,4.65,15.31,26.49,2.69,72.84,25.24,93.53
S_0293,7.79,32.7,25.31,1.47,50.71,22.07,54.38
S_0294,5.94,37.58,30.27,1.85,58.76,25.71,75.11
S_0295,5.01,42.02,22.09,2.92,93.37,26.0,133.85
S_0296,6.59,18.01,22.12,0.67,22.95,30.44,15.72
S_0297,7.58,16.7,25.51,2.12,46.7,28.4,94.56
S_0298,5.36,14.18,22.59,0.69,34.6,25.17,41.59
S_0299,6.99,35.46,23.73,1.44,59.17,24.08,51.31
S_0300,4.84,38.26,27.42,2.51,80.0,17.7,97.62
S_0301,4.71,11.26,34.84,1.58,45.22,16.4,52.84
S_0302,6.63,47.45,31.15,2.99,92.62,31.34,117.57
S_0303,6.66,12.08,30.2,1.9,62.02,32.77,75.63
S_0304,7.05,31.65,26.7,1.3,57.81,32.8,58.6
S_0305,7.4,38.36,36.91,1.05,46.21,28.03,52.9
S_0306,8.4,44.84,28.35,1.38,62.04,23.99,47.72
S_0307,6.57,38.56,23.39,1.43,55.91,27.91,37.53
S_0308,5.79,42.07,31.87,0.67,31.1,22.98,26.59
S_0309,7.68,23.58,23.82,1.42,45.23,26.65,59.74
S_0310,5.58,42.59,27.52,1.66,63.45,26.65,68.89
S_0311,6.26,13.2,30.12,2.31,62.08,29.12,89.13
S_0312,4.81,45.79,35.99,2.14,75.3,22.71,86.85
S_0313,4.6,31.9,29.9,2.27,72.24,21.47,105.95
S_0314,8.35,42.69,33.24,0.52,33.94,24.6,24.62
S_0315,7.84,28.09,37.89,1.04,40.31,27.18,37.87
S_0316,7.28,35.74,24.1,2.15,66.32,27.73,81.0
S_0317,6.14,31.06,26.4,1.71,54.69,30.74,66.7
S_0318,5.19,39.26,28.31,0.51,25.96,24.99,36.77
S_0319,5.13,13.27,28.75,2.51,74.27,21.77,98.57
S_0320,5.5,12.41,28.58,2.43,56.43,27.27,97.0
S_0321,6.7,19.88,36.52,1.87,62.46,24.82,69.98
S_0322,7.36,16.38,33.42,0.67,31.87,28.86,37.79
S_0323,7.14,44.87,31.73,2.42,81.42,23.22,116.4
S_0324,5.62,18.77,26.95,1.96,45.37,26.46,82.91
S_0325,8.32,49.03,35.18,2.45,83.96,18.36,98.83
S_0326,7.45,23.48,37.28,2.38,70.92,26.91,95.57
S_0327,6.72,17.28,35.14,2.51,66.34,28.8,76.56
S_0328,6.95,41.59,22.03,1.8,63.22,22.97,79.45
S_0329,6.18,36.35,32.18,0.85,47.08,29.66,35.34
S_0330,5.49,29.93,22.82,2.18,72.79,23.22,91.48
S_0331,5.92,32.21,26.12,2.05,62.73,29.74,74.89
S_0332,7.53,38.77,22.95,2.36,70.4,24.85,90.56
S_0333,4.56,19.14,31.66,0.92,30.93,21.49,32.69
S_0334,4.96,49.85,32.99,0.99,48.61,19.43,49.82
S_0335,4.68,48.99,23.83,2.73,95.23,19.13,105.41
S_0336,4.66,36.01,28.14,2.37,74.58,19.42,115.63
S_0337,7.92,17.98,29.3,2.77,80.8,25.47,115.11
S_0338,7.31,37.21,27.9,2.4,88.28,30.98,83.24
S_0339,6.4,12.89,23.94,1.99,60.27,27.08,78.31
S_0340,4.89,11.23,28.7,2.14,58.87,25.18,79.08
S_0341,6.47,20.31,34.02,2.72,77.24,23.34,86.86
S_0342,6.39,28.5,23.14,1.95,61.22,25.87,93.99
S_0343,5.19,44.73,23.28,2.08,80.27,20.57,90.23
S_0344,6.24,39.09,27.68,0.89,38.66,24.64,40.93
S_0345,6.09,39.71,37.07,1.68,62.08,23.2,68.85
S_0346,6.96,27.02,32.7,2.29,71.02,28.94,77.78
S_0347,7.04,23.84,32.86,1.18,38.91,26.66,42.36
S_0348,4.68,24.84,27.79,1.01,30.81,22.04,48.82
S_0349,6.0,49.51,31.5,1.28,58.37,29.57,40.69
S_0350,7.0,11.6,22.16,1.1,32.99,28.3,18.68
S_0351,6.51,44.68,32.18,1.04,50.84,31.92,39.33
S_0352,7.93,33.15,36.61,1.56,52.91,22.64,60.98
S_0353,7.13,27.54,31.8,2.77,89.12,23.29,112.16
S_0354,5.15,39.01,35.98,1.77,59.37,26.42,78.09
S_0355,4.78,29.47,33.58,0.97,47.55,19.63,45.18
S_0356,7.07,44.94,23.93,0.69,30.98,24.34,30.19
S_0357,4.61,46.03,36.44,2.24,81.19,20.02,101.56
S_0358,6.84,26.87,23.06,1.46,52.31,25.56,43.21
S_0359,8.26,21.07,30.54,2.55,70.31,19.95,107.05
S_0360,6.8,33.69,24.27,2.15,72.72,29.53,92.27
S_0361,6.05,46.49,22.19,2.49,91.89,28.8,87.2
S_0362,7.07,18.43,28.75,1.18,27.63,24.46,32.17
S_0363,6.33,34.92,26.72,2.23,75.72,27.69,81.74
S_0364,6.68,35.26,29.78,1.16,34.16,32.32,39.78
S_0365,8.27,39.32,31.24,2.85,86.08,22.64,121.53
S_0366,6.04,15.26,22.7,2.09,68.03,33.93,77.45
S_0367,8.34,38.63,23.97,1.31,49.16,24.34,43.84
S_0368,8.12,46.36,30.94,1.17,46.56,25.33,40.68
S_0369,5.28,17.19,27.49,0.98,32.11,19.74,50.39
S_0370,4.78,19.5,33.67,2.24,76.09,23.69,89.73
S_0371,4.9,48.86,32.44,1.05,41.52,21.84,40.21
S_0372,4.57,17.24,35.53,1.99,53.11,18.7,78.5
S_0373,4.88,44.18,33.08,1.16,58.58,22.4,59.32
S_0374,7.23,29.69,28.88,2.15,77.88,29.19,78.51
S_0375,4.78,19.89,32.77,2.54,72.93,22.9,114.76
S_0376,5.78,44.83,26.41,2.45,77.47,23.76,100.1
S_0377,7.88,27.81,26.9,2.4,84.38,25.33,94.4
S_0378,4.59,30.59,34.62,0.97,47.52,18.54,63.81
S_0379,7.76,24.37,29.14,0.72,33.58,24.35,18.24
S_0380,5.63,33.72,34.77,2.25,69.05,24.74,86.46
S_0381,4.97,16.54,35.16,1.42,43.52,21.69,44.48
S_0382,7.29,25.64,35.72,1.58,51.52,28.35,72.72
S_0383,7.02,48.78,36.67,0.58,40.54,24.28,40.09
S_0384,8.01,20.33,28.9,1.15,46.17,28.29,62.7
S_0385,7.44,36.27,27.1,0.58,37.03,19.84,35.44
S_0386,7.71,23.01,31.32,2.7,73.62,22.16,106.02
S_0387,5.63,40.94,27.94,1.11,55.1,26.76,40.75
S_0388,5.21,15.23,31.62,1.89,56.43,25.3,58.89
S_0389,7.5,48.79,33.29,0.6,42.83,24.7,44.36
S_0390,7.73,28.15,33.01,2.17,75.66,23.68,91.49
S_0391,8.46,19.44,27.99,1.31,36.91,21.43,47.48
S_0392,6.15,12.94,24.67,2.74,74.79,27.56,122.88
S_0393,5.99,16.79,28.89,2.72,73.74,31.63,99.07
S_0394,7.61,30.79,24.28,1.31,40.31,26.97,56.47
S_0395,5.86,23.48,36.24,2.75,82.22,29.42,108.27
S_0396,8.22,43.16,27.53,2.99,108.89,18.5,125.99
S_0397,7.93,27.24,24.47,2.56,68.42,22.61,101.76
S_0398,6.22,19.95,22.41,2.61,75.06,27.7,89.89
S_0399,7.5,34.69,32.33,1.12,48.55,21.98,45.56
S_0400,7.52,38.27,32.19,1.94,68.25,25.98,88.09
S_0401,4.91,16.68,27.45,0.67,24.52,20.44,26.51
S_0402,8.11,16.7,23.15,0.74,20.35,23.92,37.35
S_0403,6.52,11.47,28.55,3.0,81.9,26.69,109.54
S_0404,7.81,39.46,26.98,1.32,48.95,28.61,52.54
S_0405,5.78,36.55,32.83,2.37,66.58,23.71,88.55
S_0406,8.08,28.99,31.69,2.52,83.47,22.76,108.27
S_0407,6.06,43.77,27.83,2.65,92.93,30.18,106.31
S_0408,4.54,42.23,25.49,2.99,96.12,18.49,126.5
S_0409,8.12,33.41,37.81,1.1,45.35,24.46,54.88
S_0410,4.87,44.73,29.26,0.6,42.74,18.16,30.92
S_0411,5.78,18.23,33.01,1.53,48.49,30.76,63.93
S_0412,8.3,14.48,24.25,0.83,32.51,21.04,23.22
S_0413,8.3,20.79,29.77,0.56,22.91,19.21,22.37
S_0414,6.79,12.28,22.44,1.4,47.7,27.65,50.67
S_0415,7.03,31.25,30.09,2.46,78.73,29.78,94.96
S_0416,6.29,47.46,37.42,1.92,72.7,27.2,73.05
S_0417,5.67,11.57,28.15,1.28,31.43,23.6,41.4
S_0418,5.81,14.88,22.62,2.14,62.37,25.89,66.03
S_0419,7.19,28.09,22.5,1.08,36.89,23.02,36.52
S_0420,7.51,47.36,28.21,0.54,33.99,30.41,23.53
S_0421,7.67,22.65,24.56,2.41,67.5,22.45,82.92
S_0422,7.66,30.29,22.37,2.06,61.31,26.69,82.56
S_0423,4.86,11.66,34.1,2.41,76.7,22.43,115.4
S_0424,6.48,15.93,29.34,0.6,29.62,26.95,34.23
S_0425,4.73,49.47,26.63,2.59,99.09,21.13,120.04
S_0426,6.7,48.6,36.4,2.05,69.44,31.35,85.91
S_0427,6.27,10.2,23.86,1.91,53.21,28.29,88.08
S_0428,8.05,48.07,37.29,2.06,69.07,25.83,75.16
S_0429,5.9,35.56,27.02,2.66,80.8,30.06,99.96
S_0430,4.97,44.72,36.21,1.97,67.02,25.11,51.41
S_0431,5.07,28.19,31.65,1.95,69.04,21.47,89.86
S_0432,7.55,30.62,35.23,2.98,87.83,21.51,134.6
S_0433,6.97,29.55,37.74,2.39,79.87,25.81,90.07
S_0434,4.9,36.67,26.61,1.61,61.61,22.59,61.86
S_0435,4.84,15.59,37.38,2.27,76.06,23.34,83.26
S_0436,7.3,11.2,28.23,1.47,34.95,19.49,62.63
S_0437,4.79,22.32,28.17,1.07,44.21,21.43,54.05
S_0438,7.79,38.19,27.45,1.99,74.58,24.02,62.17
S_0439,7.32,18.07,30.66,2.82,74.67,25.07,116.89
S_0440,4.83,36.94,24.47,2.82,94.01,25.52,110.03
S_0441,4.84,48.8,30.86,1.35,59.83,22.97,55.13
S_0442,8.45,13.76,30.67,1.82,51.24,24.18,77.39
S_0443,6.0,36.9,34.19,1.03,40.08,26.85,39.32
S_0444,5.98,27.75,35.34,2.99,85.03,30.21,118.56
S_0445,7.75,44.73,29.05,2.95,106.36,28.66,115.86
S_0446,8.29,17.09,26.84,2.12,61.55,24.99,94.5
S_0447,8.44,37.71,26.15,2.51,85.52,17.02,104.59
S_0448,7.51,43.52,25.11,2.29,75.06,24.19,93.81
S_0449,6.01,47.78,22.92,1.98,69.49,26.51,66.49
S_0450,4.83,37.33,27.48,0.63,39.82,23.12,21.41
S_0451,7.61,29.89,26.32,1.64,49.2,26.51,74.59
S_0452,6.73,34.71,37.46,2.19,70.03,26.33,87.98
S_0453,6.2,44.76,30.92,2.19,77.3,28.7,94.2
S_0454,8.13,32.82,27.56,1.43,52.72,15.79,74.87
S_0455,4.94,11.22,31.29,2.85,75.96,26.53,124.39
S_0456,6.47,47.24,24.23,0.92,48.6,28.31,37.73
S_0457,4.55,37.58,29.1,1.75,66.0,20.42,64.89
S_0458,6.37,37.06,32.02,2.23,77.95,28.42,63.66
S_0459,4.73,18.63,29.82,2.24,60.39,24.59,87.92
S_0460,4.98,36.36,28.43,2.12,69.76,13.89,81.54
S_0461,4.97,25.75,37.9,1.19,48.6,22.3,51.5
S_0462,7.1,36.05,36.09,0.89,44.75,26.68,34.06
S_0463,7.48,14.26,31.97,2.09,52.52,23.74,80.4
S_0464,6.83,36.31,31.11,2.0,69.91,33.53,62.21
S_0465,8.35,49.98,31.93,0.95,38.85,18.09,28.6
S_0466,6.0,11.93,25.22,2.26,62.7,29.82,95.17
S_0467,5.64,49.09,28.32,1.64,75.03,26.77,82.76
S_0468,7.97,26.28,22.63,2.17,62.65,26.43,85.82
S_0469,5.39,44.83,29.61,2.59,82.99,22.45,106.88
S_0470,8.35,41.3,30.69,0.92,47.47,18.55,46.32
S_0471,4.55,32.68,25.64,0.55,22.38,23.54,13.89
S_0472,8.38,39.54,37.42,2.45,77.86,21.88,101.67
S_0473,4.67,45.14,36.55,2.02,76.05,16.22,73.4
S_0474,8.06,26.17,33.55,2.25,66.16,20.58,98.65
S_0475,6.61,23.08,30.53,2.6,75.36,30.61,105.51
S_0476,8.47,36.7,35.92,2.51,84.82,22.66,103.38
S_0477,4.8,42.31,24.09,2.9,95.76,19.46,108.17
S_0478,6.72,40.49,34.65,1.84,67.58,20.16,80.67
S_0479,8.38,41.91,24.0,1.72,62.26,22.17,89.65
S_0480,6.59,27.42,34.71,1.5,53.06,25.89,49.92
S_0481,7.02,42.71,26.41,0.88,42.74,21.35,31.8
S_0482,7.28,14.81,36.03,1.93,57.94,17.6,79.52
S_0483,6.32,31.78,37.1,1.19,43.16,31.54,55.46
S_0484,7.01,10.23,24.38,2.8,74.2,27.84,106.4
S_0485,6.84,22.98,29.4,1.96,55.54,27.62,50.07
S_0486,8.1,24.66,37.7,1.98,61.65,26.17,92.79
S_0487,4.68,25.85,29.73,1.39,43.62,22.81,63.21
S_0488,5.62,37.82,35.82,0.63,29.09,30.45,7.77
S_0489,8.3,25.54,31.42,0.58,28.56,16.82,17.12
S_0490,8.06,27.95,28.01,1.56,54.04,22.1,78.08
S_0491,6.32,19.5,26.57,0.71,31.41,24.25,42.88
S_0492,6.98,24.93,25.25,2.02,60.81,26.91,90.19
S_0493,5.61,19.09,34.19,2.7,79.09,24.8,106.24
S_0494,5.25,12.93,28.18,2.71,76.97,25.63,109.23
S_0495,6.35,34.14,30.18,2.15,73.04,29.39,84.69
S_0496,5.91,36.73,29.88,1.03,39.99,28.92,52.48
S_0497,6.83,34.78,31.24,2.66,84.64,30.46,97.64
S_0498,4.81,28.54,35.85,2.72,84.09,28.01,100.74
S_0499,8.4,25.19,37.69,0.99,37.38,19.55,49.7
S_0500,8.44,44.53,28.52,2.34,70.33,17.48,93.16
S_0501,7.29,30.76,35.24,1.22,46.68,26.79,62.58
S_0502,6.64,29.17,34.23,2.51,88.4,26.89,93.68
S_0503,5.74,11.03,31.18,2.99,78.46,30.65,119.05
S_0504,7.76,23.65,37.3,0.58,22.68,22.85,13.98
S_0505,7.24,25.21,25.21,2.74,82.97,24.6,109.67
S_0506,5.15,25.95,23.75,2.06,66.04,21.84,67.61
S_0507,8.14,33.21,35.66,2.93,95.82,23.96,112.32
S_0508,7.79,31.34,29.03,1.66,50.88,23.08,52.04
S_0509,8.3,34.32,35.55,2.62,86.32,19.07,111.74
S_0510,7.4,40.6,36.29,0.66,39.75,30.5,33.57
S_0511,6.95,42.52,23.0,1.34,54.05,25.18,36.3
S_0512,6.17,38.72,36.14,0.67,37.8,28.46,40.14
S_0513,8.23,48.22,29.17,2.94,102.76,23.31,142.57
S_0514,7.96,10.73,30.17,2.54,73.23,17.81,102.06
S_0515,4.68,17.83,32.03,2.63,68.95,22.34,98.79
S_0516,4.61,10.3,36.82,2.84,80.25,17.38,141.84
S_0517,6.01,35.9,22.31,0.71,35.38,30.02,15.21
S_0518,7.74,45.92,29.63,1.46,59.82,20.91,58.6
S_0519,8.45,19.74,33.0,0.68,27.24,22.33,29.0
S_0520,5.1,47.08,33.56,1.03,48.54,26.32,54.65
S_0521,6.88,12.41,33.08,1.07,38.91,30.68,46.4
S_0522,6.02,47.38,24.15,1.67,65.02,28.35,61.81
S_0523,8.38,24.06,26.79,1.17,35.68,19.91,37.29
S_0524,7.87,14.06,27.74,0.75,23.81,21.42,26.58
S_0525,7.85,29.43,34.87,0.92,38.61,27.66,26.73
S_0526,6.37,20.27,26.46,0.87,38.03,27.25,35.28
S_0527,6.16,21.39,25.37,2.93,86.96,25.19,111.56
S_0528,5.59,22.29,37.32,2.4,66.89,27.45,81.06
S_0529,4.73,42.12,22.14,2.92,106.49,18.76,129.35
S_0530,7.96,31.57,37.97,1.6,57.11,19.85,59.02
S_0531,7.75,22.45,32.83,1.2,47.6,19.42,35.32
S_0532,8.5,34.41,35.26,2.5,78.95,18.55,98.32
S_0533,8.49,38.65,26.71,1.32,54.99,19.8,53.48
S_0534,6.72,20.9,22.23,1.25,45.9,29.63,32.54
S_0535,7.58,26.54,33.81,1.08,46.36,27.45,46.52
S_0536,8.28,14.88,35.35,0.82,33.23,22.68,22.33
S_0537,7.9,17.25,33.85,1.14,41.49,22.43,62.71
S_0538,5.49,37.24,24.29,1.39,51.79,24.36,60.84
S_0539,6.3,17.26,34.05,2.18,60.27,30.53,83.2
S_0540,5.02,31.01,34.3,0.66,33.67,26.42,18.95
S_0541,8.32,38.36,32.54,1.03,49.6,21.28,40.15
S_0542,6.92,14.28,34.26,2.52,69.03,26.49,106.93
S_0543,5.41,32.69,35.53,0.87,43.42,21.57,34.55
S_0544,7.19,20.26,31.82,1.36,51.39,22.21,52.23
S_0545,6.97,48.52,23.42,2.66,86.18,29.65,106.98
S_0546,5.93,29.34,29.8,0.89,32.74,28.88,29.56
S_0547,4.95,42.24,23.24,0.71,38.17,23.98,24.97
S_0548,7.19,32.01,28.52,1.71,60.29,26.16,47.54
S_0549,6.58,11.74,28.51,1.26,34.75,33.82,60.14
S_0550,7.59,35.33,23.06,1.91,72.18,23.1,79.39
S_0551,6.58,48.06,27.58,2.51,88.9,32.47,92.67
S_0552,7.91,34.06,23.78,0.84,38.23,22.83,52.59
S_0553,6.71,42.77,34.93,1.95,62.96,27.12,78.87
S_0554,6.74,45.37,37.16,1.76,60.11,30.58,60.04
S_0555,8.01,19.12,23.16,0.86,32.47,23.68,42.97
S_0556,6.11,18.48,37.28,2.06,50.08,29.12,86.38
S_0557,5.04,34.44,30.36,1.18,51.78,22.94,51.15
S_0558,4.62,26.44,26.79,1.72,55.43,20.49,64.54
S_0559,7.52,43.59,23.23,0.71,55.76,32.07,32.9
S_0560,6.98,46.0,30.01,1.65,75.79,31.15,63.38
S_0561,7.32,24.14,34.71,1.27,42.91,28.07,56.36
S_0562,5.35,19.47,33.31,2.56,73.2,24.59,83.35
S_0563,5.05,41.22,22.8,0.64,41.59,25.77,21.26
S_0564,4.56,20.99,23.17,1.55,57.76,21.85,79.22
S_0565,5.9,42.9,28.45,1.65,54.51,27.08,58.33
S_0566,6.86,26.95,26.72,2.31,62.29,27.29,86.36
S_0567,6.07,36.7,25.72,1.94,63.74,27.61,73.12
S_0568,6.25,13.82,26.5,2.17,64.07,19.24,74.65
S_0569,8.12,34.95,34.86,2.44,80.96,22.53,75.52
S_0570,5.89,28.07,36.87,2.66,85.88,25.48,104.09
S_0571,6.56,33.46,28.48,1.28,42.73,34.48,52.56
S_0572,7.63,16.72,36.5,1.85,43.03,24.41,73.47
S_0573,6.09,39.47,27.14,2.6,89.03,24.38,102.55
S_0574,6.99,44.51,29.62,2.97,92.36,27.4,119.23
S_0575,7.95,18.67,25.62,2.72,67.24,19.61,119.03
S_0576,8.3,13.83,32.25,1.43,43.39,22.42,55.3
S_0577,5.09,10.95,37.66,0.99,34.19,23.82,33.86
S_0578,8.21,35.68,31.66,1.72,60.23,24.32,65.99
S_0579,6.47,34.28,27.73,2.35,73.6,27.48,99.79
S_0580,5.53,31.87,32.37,1.73,58.39,25.25,83.32
S_0581,6.34,19.28,23.97,1.71,50.54,25.1,62.12
S_0582,8.42,25.64,36.22,2.6,71.08,22.5,104.99
S_0583,6.47,33.78,30.05,1.4,48.32,31.41,59.38
S_0584,5.82,29.87,29.19,2.65,83.79,28.09,96.07
S_0585,7.03,49.51,31.37,1.52,64.36,27.35,61.0
S_0586,5.46,15.46,32.0,1.32,41.57,26.04,38.14
S_0587,4.8,37.81,23.15,1.63,54.68,26.31,47.51
S_0588,5.02,26.17,32.92,2.41,72.43,21.74,100.07
S_0589,5.01,27.13,25.87,0.82,23.18,22.97,28.96
S_0590,5.11,38.7,33.42,0.99,44.99,19.79,41.62
S_0591,5.06,37.7,35.16,2.88,97.99,20.2,115.02
S_0592,7.06,49.65,34.86,0.94,40.95,27.49,27.84
S_0593,5.23,15.14,30.84,1.92,52.64,26.96,76.35
S_0594,5.88,14.16,30.32,1.95,57.48,26.13,65.67
S_0595,8.09,38.97,24.29,1.72,68.75,21.34,82.71
S_0596,6.4,33.14,34.41,2.11,67.08,28.28,70.84
S_0597,7.17,20.97,26.34,1.07,33.77,25.05,40.84
S_0598,5.19,13.18,29.95,1.88,43.75,24.33,64.78
S_0599,5.27,13.43,26.55,1.43,42.98,19.36,62.9
S_0600,4.66,45.77,24.14,2.15,86.85,24.64,82.69
S_0601,5.18,17.67,32.07,0.85,31.47,21.4,28.81
S_0602,5.61,22.93,22.87,1.93,59.6,27.72,85.73
S_0603,5.21,19.07,33.98,0.96,35.15,19.74,38.69
S_0604,4.85,24.2,27.08,1.2,42.04,23.76,53.17
S_0605,4.98,12.78,22.0,1.05,28.57,24.42,32.19
S_0606,6.34,30.76,30.18,0.96,43.5,30.35,24.35
S_0607,5.33,12.7,22.75,2.56,71.48,21.17,103.47
S_0608,5.96,42.01,26.42,1.21,51.34,28.05,45.21
S_0609,6.51,19.35,33.31,2.82,75.3,26.4,119.06
S_0610,7.26,31.6,23.0,2.92,95.32,25.44,116.0
S_0611,4.66,45.2,35.43,1.93,74.17,23.89,79.25
S_0612,7.7,36.04,22.06,0.86,36.76,26.39,18.17
S_0613,7.01,31.32,25.95,1.44,56.67,27.5,76.48
S_0614,4.83,22.97,33.85,2.49,71.25,18.73,97.96
S_0615,7.99,23.32,27.06,1.42,43.25,24.49,63.78
S_0616,8.18,36.78,23.63,0.72,32.59,21.66,20.44
S_0617,4.74,49.77,27.76,1.89,63.28,14.24,78.68
S_0618,5.61,36.47,26.33,2.61,85.84,27.9,91.37
S_0619,7.72,32.31,35.48,2.49,69.25,23.83,104.12
S_0620,7.49,39.23,27.01,0.94,36.97,28.66,34.04
S_0621,5.24,28.61,34.62,2.18,58.43,20.41,87.49
S_0622,5.34,12.41,36.27,1.05,32.02,14.67,48.98
S_0623,5.98,32.49,28.94,1.05,41.74,28.24,29.67
S_0624,6.44,48.31,36.56,2.69,89.77,30.57,100.76
S_0625,6.97,17.01,28.04,1.12,31.29,22.58,49.37
S_0626,5.98,37.6,37.43,1.16,41.94,24.46,67.38
S_0627,6.35,18.04,23.43,0.5,23.84,37.52,18.62
S_0628,7.49,31.43,32.99,2.68,79.96,24.13,113.11
S_0629,4.65,13.87,29.9,2.48,70.52,22.94,98.13
S_0630,5.51,28.01,28.2,2.07,61.33,23.1,102.22
S_0631,7.35,40.25,32.12,2.38,80.53,19.48,77.73
S_0632,8.08,23.9,33.26,0.88,40.47,21.59,36.15
S_0633,6.55,36.6,22.07,1.65,62.48,28.95,49.74
S_0634,6.63,41.82,24.67,1.38,53.35,28.15,30.13
S_0635,4.93,47.09,33.41,0.73,43.08,21.81,32.17
S_0636,6.29,19.39,32.66,1.72,51.49,29.74,70.19
S_0637,6.63,25.97,37.46,2.8,83.02,28.9,109.15
S_0638,5.47,16.1,34.18,0.6,21.42,21.06,22.94
S_0639,5.58,49.7,37.21,1.23,54.78,26.86,80.18
S_0640,6.01,47.08,33.24,1.02,50.1,21.7,38.22
S_0641,4.58,31.6,26.77,1.1,38.33,14.25,49.1
S_0642,5.79,43.68,23.69,2.77,86.01,28.67,104.31
S_0643,5.35,30.84,34.51,1.67,50.23,25.77,69.75
S_0644,5.81,34.94,32.31,1.67,51.22,26.38,64.42
S_0645,4.98,13.56,22.77,2.4,60.69,18.21,91.89
S_0646,8.06,40.21,27.76,0.89,43.15,20.08,53.79
S_0647,6.87,15.11,37.31,1.72,46.09,27.36,80.57
S_0648,7.22,43.04,30.01,1.57,63.34,21.61,64.17
S_0649,7.66,41.28,28.92,1.99,70.56,21.98,56.56
S_0650,6.49,38.35,29.32,3.0,84.33,31.91,116.39
S_0651,4.85,11.45,25.34,2.42,69.5,26.03,123.83
S_0652,6.65,22.13,27.9,1.49,52.37,27.99,57.29
S_0653,6.85,20.52,27.92,2.57,69.54,30.52,113.83
S_0654,7.48,24.41,22.84,0.93,37.56,19.36,51.62
S_0655,6.23,13.51,34.28,0.58,16.97,30.63,25.39
S_0656,5.01,47.48,28.66,1.01,49.48,20.14,31.98
S_0657,5.64,32.15,35.15,1.35,43.5,26.62,29.65
S_0658,5.95,22.22,35.61,1.78,46.64,26.51,78.04
S_0659,7.08,25.88,25.39,2.04,62.03,31.06,73.45
S_0660,6.78,27.89,32.52,2.78,82.83,25.98,112.96
S_0661,5.92,34.02,29.56,1.77,59.27,28.98,58.3
S_0662,8.45,30.63,36.08,1.75,53.14,19.41,67.35
S_0663,6.92,46.78,25.45,0.63,37.14,27.43,25.54
S_0664,5.45,29.88,32.85,0.59,31.04,24.2,26.29
S_0665,4.91,49.69,31.72,1.88,71.62,19.51,64.05
S_0666,5.11,44.06,26.72,1.6,62.94,23.01,75.97
S_0667,5.48,18.34,24.19,2.6,70.82,24.71,98.03
S_0668,5.14,47.22,32.43,0.9,51.97,23.92,19.26
S_0669,5.25,14.65,33.82,0.56,15.44,24.0,21.31
S_0670,5.64,42.7,27.05,1.62,64.29,28.09,65.14
S_0671,5.19,25.22,32.32,1.09,45.77,26.22,45.21
S_0672,8.09,45.12,28.32,0.62,40.46,18.9,38.42
S_0673,4.82,44.72,33.41,2.31,79.1,24.21,90.04
S_0674,6.6,42.24,25.19,0.78,37.98,25.94,30.0
S_0675,6.14,41.6,36.24,2.02,76.48,29.96,69.77
S_0676,8.43,22.19,26.6,1.2,33.98,22.21,56.21
S_0677,4.95,13.24,27.88,0.93,25.02,16.52,39.04
S_0678,6.09,26.12,22.93,1.45,47.32,28.23,53.8
S_0679,8.38,16.94,23.78,2.5,77.16,19.19,80.95
S_0680,7.96,37.8,30.25,1.48,57.8,20.42,73.64
S_0681,7.77,23.84,26.28,2.38,66.58,27.7,82.92
S_0682,5.53,49.02,35.37,0.81,43.21,23.19,26.49
S_0683,5.18,35.64,22.24,2.43,75.5,20.98,100.78
S_0684,7.17,42.9,28.07,1.09,45.15,26.88,31.63
S_0685,8.22,15.3,27.4,2.19,67.29,23.46,72.66
S_0686,6.73,44.48,22.31,1.91,63.13,28.43,55.16
S_0687,6.79,46.91,23.99,2.82,102.0,32.05,120.01
S_0688,5.62,29.48,28.62,1.47,55.63,27.19,53.35
S_0689,7.58,34.25,29.89,0.67,39.33,18.07,56.07
S_0690,5.25,40.59,28.47,0.55,31.73,22.16,12.06
S_0691,5.79,16.99,30.5,2.57,72.0,24.76,93.59
S_0692,6.2,30.1,31.52,1.81,53.13,29.94,66.75
S_0693,6.53,25.95,22.16,2.44,71.35,21.98,100.03
S_0694,5.47,15.85,29.43,1.09,37.64,32.5,38.9
S_0695,4.96,24.7,37.42,1.36,52.83,23.89,60.52
S_0696,6.94,12.73,30.3,0.58,15.33,28.25,13.41
S_0697,5.65,11.03,32.84,2.9,76.19,29.29,102.18
S_0698,6.82,15.41,26.99,2.17,61.2,35.43,68.82
S_0699,5.12,48.52,34.38,2.83,88.03,25.71,90.96
S_0700,6.42,31.98,34.37,1.16,47.95,32.45,41.22
S_0701,6.63,48.63,30.34,2.03,71.45,29.74,78.19
S_0702,4.71,27.3,37.62,2.2,67.67,20.63,81.69
S_0703,5.85,22.47,24.01,1.29,41.23,25.32,64.03
S_0704,5.04,30.25,22.27,2.62,76.68,20.22,117.08
S_0705,4.75,27.58,34.32,2.87,85.5,19.19,111.45
S_0706,8.46,14.23,34.91,2.71,73.79,16.15,90.46
S_0707,5.79,35.63,23.92,2.35,74.71,26.22,88.33
S_0708,7.74,18.64,26.25,1.19,35.43,18.75,41.6
S_0709,5.52,34.78,22.28,1.2,48.99,25.67,41.43
S_0710,7.23,36.01,26.69,2.91,99.02,26.24,109.42
S_0711,7.54,16.08,34.37,0.53,21.99,25.24,14.67
S_0712,6.88,12.45,30.29,2.29,68.46,26.53,87.73
S_0713,6.39,41.23,27.57,2.27,70.41,38.68,84.44
S_0714,6.15,28.39,27.95,2.06,66.48,32.33,84.48
S_0715,5.9,12.33,22.02,2.98,75.18,23.27,122.8
S_0716,8.22,49.79,26.8,1.28,49.51,22.1,42.09
S_0717,7.82,12.31,32.34,1.35,36.21,21.58,66.71
S_0718,8.36,37.8,37.59,0.7,42.36,17.66,18.2
S_0719,5.0,49.35,35.55,1.61,69.68,18.48,48.22
S_0720,7.42,19.57,22.38,1.15,39.75,26.7,49.81
S_0721,8.25,15.69,36.38,1.36,34.18,19.21,46.23
S_0722,5.22,14.86,34.53,2.59,71.2,26.5,106.81
S_0723,4.77,22.13,34.49,2.84,83.57,24.33,89.56
S_0724,7.46,14.04,29.33,0.96,31.9,29.32,52.32
S_0725,6.8,37.69,28.37,1.43,45.38,25.94,63.92
S_0726,7.87,12.49,26.85,2.82,72.29,24.58,97.8
S_0727,5.06,30.38,23.05,0.65,31.12,24.7,11.21
S_0728,7.68,49.87,25.65,0.73,45.87,22.68,45.92
S_0729,5.31,42.56,25.95,0.91,33.05,21.73,29.03
S_0730,5.15,34.61,29.75,1.99,66.24,28.08,71.26
S_0731,5.16,22.25,33.96,0.88,33.84,23.98,12.54
S_0732,7.76,34.96,29.58,2.92,94.73,25.61,113.29
S_0733,7.16,31.08,22.93,1.62,59.5,24.23,62.52
S_0734,6.59,27.04,37.32,1.75,60.18,25.89,77.15
S_0735,5.94,15.23,37.08,1.12,31.62,25.49,30.81
S_0736,8.01,45.46,34.56,1.68,55.19,22.08,52.0
S_0737,6.07,27.99,37.86,2.15,65.78,24.66,90.51
S_0738,7.77,17.78,30.71,2.38,73.4,23.62,105.27
S_0739,6.26,24.71,37.4,2.38,78.82,23.73,79.49
S_0740,6.01,26.57,23.21,1.94,65.34,24.19,88.42
S_0741,6.35,43.1,27.85,2.76,92.7,31.26,110.78
S_0742,5.71,39.34,25.61,2.54,85.07,27.86,112.52
S_0743,7.49,40.77,25.13,2.39,77.35,23.87,94.9
S_0744,6.51,10.44,24.25,0.64,20.57,26.9,0.38
S_0745,5.43,26.65,31.96,0.52,34.67,21.57,19.28
S_0746,8.1,29.25,34.5,1.03,35.66,20.88,51.8
S_0747,6.04,10.77,31.25,2.16,67.46,29.63,77.46
S_0748,6.67,20.39,24.35,1.53,46.83,31.93,57.32
S_0749,8.13,40.41,34.98,1.51,64.58,20.36,58.64
S_0750,7.0,15.48,32.18,2.71,68.46,24.04,79.4
S_0751,4.97,31.41,28.21,2.74,87.13,23.15,126.31
S_0752,8.26,18.61,32.79,2.77,74.87,18.73,101.79
S_0753,7.01,10.48,26.16,1.28,30.16,25.9,56.26
S_0754,5.84,19.65,27.52,2.23,66.67,30.68,88.33
S_0755,5.06,49.03,36.68,1.18,59.06,25.28,59.78
S_0756,7.68,42.06,26.65,0.98,41.31,24.57,43.26
S_0757,6.98,48.38,29.52,0.96,40.69,23.78,36.05
S_0758,6.63,29.51,36.24,1.36,48.3,29.98,45.46
S_0759,8.08,14.39,33.32,1.57,46.01,25.29,70.78
S_0760,7.65,31.92,23.0,2.58,83.2,23.12,84.47
S_0761,5.11,28.18,24.36,0.8,38.84,27.1,38.46
S_0762,5.75,43.77,22.13,2.34,80.09,30.13,82.61
S_0763,5.49,13.92,32.09,1.83,61.99,29.94,85.72
S_0764,7.48,29.53,29.16,1.22,46.39,26.02,50.41
S_0765,4.63,16.0,24.15,1.73,49.52,22.41,75.64
S_0766,6.78,22.99,37.33,1.25,34.69,32.84,50.82
S_0767,7.55,39.49,30.47,1.99,68.18,26.09,62.08
S_0768,8.01,29.04,25.87,1.58,52.34,20.95,54.59
S_0769,5.87,25.04,30.01,0.91,40.07,25.5,43.12
S_0770,7.79,25.78,32.87,0.79,34.95,24.27,33.27
S_0771,4.94,28.38,23.22,1.87,55.04,18.33,86.61
S_0772,7.89,41.4,26.4,2.76,90.56,22.62,114.43
S_0773,5.01,45.68,34.91,1.36,60.2,25.84,44.73
S_0774,6.09,48.21,29.35,2.33,90.0,21.38,85.24
S_0775,7.69,41.48,30.75,2.15,78.93,28.65,87.03
S_0776,5.1,22.62,28.93,2.83,85.86,26.37,90.06
S_0777,5.42,37.53,22.7,2.55,82.82,23.22,118.73
S_0778,7.39,27.5,24.65,1.92,63.69,27.18,81.22
S_0779,7.38,20.19,29.13,2.14,69.84,25.61,97.87
S_0780,7.06,43.63,25.35,2.75,83.9,30.89,94.19
S_0781,7.28,11.54,22.8,1.5,41.52,29.05,72.45
S_0782,6.67,46.07,35.5,1.32,52.17,24.95,75.11
S_0783,5.51,28.46,37.7,0.53,29.38,26.81,7.99
S_0784,5.88,35.49,34.69,2.57,88.15,26.28,110.51
S_0785,5.23,36.37,35.66,2.5,77.7,23.9,100.01
S_0786,8.13,45.8,25.87,0.76,29.95,19.67,14.96
S_0787,6.83,35.47,37.37,1.94,64.17,33.59,82.53
S_0788,6.1,34.56,25.15,1.66,63.35,31.12,74.74
S_0789,6.35,12.67,37.22,0.8,29.02,27.03,25.99
S_0790,8.29,30.74,37.92,2.95,91.26,17.05,129.66
S_0791,5.11,16.01,33.39,1.04,32.61,21.89,24.93
S_0792,6.84,39.5,37.7,0.67,30.1,29.6,11.85
S_0793,6.52,30.49,31.11,1.99,67.57,30.62,80.97
S_0794,6.95,37.21,26.15,2.35,73.18,31.51,94.25
S_0795,4.57,11.67,28.99,0.58,31.26,22.72,16.03
S_0796,7.99,13.39,31.5,2.15,63.3,25.46,94.1
S_0797,8.23,38.65,23.17,1.83,62.17,22.33,78.51
S_0798,6.76,12.88,31.96,0.76,22.38,24.53,38.98
S_0799,7.29,12.85,37.7,0.93,29.21,25.46,35.97
S_0800,8.19,10.48,25.04,1.92,52.04,24.73,82.83
S_0801,7.33,48.26,34.68,1.24,60.71,25.7,45.14
S_0802,5.11,39.5,36.53,2.85,91.93,24.56,134.54
S_0803,6.81,24.13,37.1,2.55,72.16,27.49,93.87
S_0804,6.93,21.86,37.36,2.96,94.38,24.76,139.45
S_0805,6.2,23.99,30.34,1.15,40.99,28.13,46.35
S_0806,7.45,40.99,37.64,2.92,97.34,26.18,103.04
S_0807,8.24,36.45,34.12,1.58,54.68,19.33,76.88
S_0808,8.2,17.41,24.59,1.37,44.77,20.79,56.06
S_0809,6.3,16.96,29.63,0.63,25.79,26.18,33.71
S_0810,4.95,13.94,33.49,0.63,13.27,25.61,37.44
S_0811,8.44,36.41,25.96,2.23,84.03,19.42,92.58
S_0812,7.86,40.57,32.25,1.64,67.74,27.56,59.68
S_0813,5.0,20.6,32.67,1.07,35.06,27.09,52.56
S_0814,8.18,10.84,24.6,2.03,50.66,21.36,81.21
S_0815,7.98,13.29,31.04,1.13,36.63,19.57,52.06
S_0816,6.58,48.71,34.35,1.94,73.29,23.34,56.06
S_0817,6.87,21.82,29.98,1.4,47.69,23.73,60.47
S_0818,6.1,40.77,22.19,2.56,85.34,23.88,96.01
S_0819,4.72,34.99,22.14,2.55,83.78,25.24,118.53
S_0820,5.84,25.28,27.71,1.69,62.13,27.05,73.83
S_0821,7.71,18.23,36.82,1.38,46.46,25.12,57.6
S_0822,4.52,14.86,25.66,1.41,37.43,13.44,61.26
S_0823,5.83,34.6,32.15,2.51,86.86,23.06,90.42
S_0824,6.09,40.99,25.55,1.32,61.7,30.61,69.03
S_0825,6.65,35.76,27.15,1.02,59.14,30.11,60.71
S_0826,8.18,31.21,35.57,0.71,27.74,21.16,32.33
S_0827,5.89,11.68,33.66,1.67,48.8,28.64,82.7
S_0828,5.89,48.74,23.53,1.71,56.71,31.86,62.71
S_0829,7.45,41.95,28.86,2.6,88.74,24.59,96.03
S_0830,6.31,21.71,22.47,1.05,34.36,29.26,42.41
S_0831,5.4,49.2,29.69,1.45,70.47,25.08,62.35
S_0832,6.31,34.08,32.6,2.52,76.17,36.23,96.86
S_0833,5.06,33.3,23.9,2.56,72.2,16.5,107.78
S_0834,5.21,39.92,26.62,1.46,54.1,25.6,61.46
S_0835,6.49,42.47,28.37,1.65,52.61,29.61,56.02
S_0836,6.18,36.26,36.71,1.26,53.39,30.1,55.59
S_0837,8.16,15.12,37.89,2.83,67.98,19.73,121.84
S_0838,5.95,23.53,22.72,0.8,31.91,27.1,33.71
S_0839,6.82,47.12,34.18,2.83,83.92,30.53,124.73
S_0840,7.03,18.98,27.95,2.21,63.14,36.69,76.23
S_0841,4.55,24.89,28.28,1.83,66.41,22.67,77.88
S_0842,7.15,27.28,34.07,0.58,29.94,24.21,11.5
S_0843,5.21,27.58,36.69,1.69,51.72,22.28,56.46
S_0844,8.34,34.52,37.21,1.52,55.1,19.44,54.49
S_0845,5.09,47.72,31.23,0.9,46.45,17.56,26.58
S_0846,6.16,19.63,27.71,2.14,65.68,27.31,80.12
S_0847,4.84,14.86,34.6,2.93,73.85,23.9,115.06
S_0848,8.49,17.9,26.02,1.91,59.66,16.23,84.77
S_0849,6.51,45.48,31.03,2.29,66.47,33.1,88.39
S_0850,6.88,35.83,27.74,0.67,31.52,29.56,10.94
S_0851,4.77,21.44,32.51,1.54,46.78,19.15,73.0
S_0852,7.5,42.64,25.85,0.79,44.24,24.58,23.23
S_0853,5.34,44.45,25.07,2.03,73.09,28.99,80.61
S_0854,8.09,43.86,36.69,2.85,86.15,24.25,118.47
S_0855,5.32,46.76,23.63,2.15,72.21,24.13,88.0
S_0856,5.26,20.09,30.1,0.69,28.29,23.09,38.54
S_0857,4.65,40.2,25.53,1.39,54.45,20.98,60.39
S_0858,6.39,28.42,22.62,1.88,58.31,27.91,66.59
S_0859,6.76,43.68,22.58,1.51,57.19,22.39,82.19
S_0860,4.76,39.14,24.8,2.58,87.55,27.43,105.14
S_0861,7.6,41.06,35.87,2.54,81.44,24.97,100.13
S_0862,6.31,36.25,26.52,2.03,68.43,30.24,90.84
S_0863,6.6,17.1,37.21,1.43,55.15,29.33,59.69
S_0864,6.26,31.8,31.31,1.14,37.28,26.59,49.59
S_0865,6.1,49.39,28.99,0.76,34.44,27.44,55.32
S_0866,6.74,47.5,31.28,1.39,62.42,24.0,52.85
S_0867,5.12,11.73,30.27,1.53,40.72,29.93,58.02
S_0868,5.23,16.59,34.14,2.19,61.45,19.95,88.77
S_0869,7.95,15.27,26.52,2.15,57.48,19.65,96.72
S_0870,8.28,39.04,27.65,0.68,35.22,19.78,12.13
S_0871,5.99,42.71,36.31,1.49,66.6,31.31,39.94
S_0872,5.58,18.54,37.14,0.95,37.03,25.44,32.13
S_0873,7.08,30.23,36.28,0.89,41.68,23.39,19.26
S_0874,6.13,43.63,28.71,2.57,78.98,31.91,98.55
S_0875,4.6,39.31,34.49,0.6,28.9,22.69,29.02
S_0876,5.12,31.69,29.62,1.55,40.4,24.72,53.09
S_0877,7.36,33.61,29.96,0.92,35.76,27.85,22.53
S_0878,7.14,30.33,25.27,2.7,87.45,33.98,108.69
S_0879,4.61,21.9,31.46,1.89,60.78,27.11,84.23
S_0880,5.39,32.6,24.98,1.08,42.19,22.39,26.25
S_0881,5.42,37.56,27.31,1.76,62.67,29.47,78.6
S_0882,7.19,44.93,35.68,2.33,77.27,27.7,101.37
S_0883,4.58,35.45,25.31,2.9,91.25,21.9,125.54
S_0884,4.92,40.44,23.14,1.05,50.3,17.02,54.18
S_0885,7.7,16.4,23.1,2.72,68.12,23.49,130.82
S_0886,5.21,28.46,37.05,2.84,86.73,21.11,110.04
S_0887,7.11,10.37,30.11,2.79,79.6,29.43,112.7
S_0888,5.45,19.87,28.55,2.09,60.11,27.96,79.44
S_0889,4.9,39.06,34.97,2.07,74.78,15.78,82.82
S_0890,5.47,49.67,35.37,1.51,76.66,24.78,75.73
S_0891,7.39,13.97,27.32,2.38,65.96,28.92,81.75
S_0892,7.92,26.06,33.1,1.83,60.75,22.34,64.59
S_0893,7.82,42.0,34.34,2.19,72.06,25.59,101.37
S_0894,6.09,18.16,32.47,1.57,49.24,29.0,73.0
S_0895,7.17,32.2,24.43,2.33,76.65,27.67,89.57
S_0896,5.32,39.32,36.01,2.56,84.63,23.29,110.94
S_0897,5.67,34.64,30.63,0.87,33.97,22.2,38.21
S_0898,8.09,17.52,26.52,2.58,74.29,18.69,118.2
S_0899,4.55,24.22,28.8,1.85,65.67,22.38,74.75
S_0900,4.84,41.35,22.6,2.61,88.17,21.76,114.66
S_0901,5.33,32.17,24.05,1.58,60.39,23.73,89.62
S_0902,4.61,10.21,34.25,1.45,40.17,19.28,63.98
S_0903,5.23,40.44,22.0,2.79,93.72,22.73,112.09
S_0904,6.83,11.41,28.67,1.13,35.35,31.49,52.42
S_0905,6.19,39.83,30.36,2.61,80.41,27.44,100.75
S_0906,8.07,18.1,22.87,1.71,53.39,18.13,92.28
S_0907,7.77,48.32,37.57,1.79,63.95,25.88,73.4
S_0908,5.87,24.72,25.62,1.27,40.95,26.24,48.07
S_0909,5.54,23.08,26.87,1.93,60.74,25.29,68.84
S_0910,6.02,15.96,26.86,1.31,42.22,32.42,63.37
S_0911,6.86,22.22,25.69,0.6,20.16,28.14,32.67
S_0912,5.57,45.07,22.02,1.18,57.3,26.22,42.23
S_0913,7.0,49.85,33.67,0.52,40.79,23.96,26.56
S_0914,6.14,24.73,37.47,2.95,82.59,27.54,102.91
S_0915,6.71,27.94,25.59,2.91,79.03,30.78,118.25
S_0916,6.24,38.88,32.61,1.49,55.97,24.03,64.13
S_0917,5.68,45.45,33.87,2.32,78.5,26.5,109.87
S_0918,8.29,33.72,35.57,1.36,51.43,21.35,46.69
S_0919,7.55,25.66,28.76,2.18,65.51,24.87,74.42
S_0920,5.06,26.5,26.85,2.51,65.96,25.91,91.45
S_0921,7.97,37.82,27.2,2.87,88.72,23.65,101.43
S_0922,6.45,10.13,33.4,1.5,41.04,34.18,73.37
S_0923,8.08,34.78,35.07,2.46,82.06,19.12,113.89
S_0924,7.7,24.22,24.91,1.16,37.62,24.41,49.6
S_0925,6.2,41.77,27.94,2.98,103.78,28.75,131.41
S_0926,4.59,13.72,36.43,0.56,11.3,17.24,23.74
S_0927,5.57,33.53,34.91,2.01,73.57,28.22,79.45
S_0928,6.67,29.24,37.76,2.15,67.25,36.12,82.67
S_0929,7.03,35.69,34.07,2.22,77.64,27.3,85.7
S_0930,5.53,12.59,28.29,0.8,26.69,26.67,16.52
S_0931,5.06,33.2,31.45,2.85,93.55,23.05,116.64
S_0932,7.84,32.46,32.58,0.95,38.04,21.16,37.6
S_0933,8.44,32.43,23.26,2.06,62.22,14.84,89.85
S_0934,6.6,34.14,30.71,1.06,50.67,27.38,43.34
S_0935,5.19,37.06,33.35,1.27,49.71,19.27,49.17
S_0936,5.59,42.2,24.68,1.87,68.96,30.56,66.09
S_0937,4.57,20.79,34.49,1.54,55.07,20.0,62.32
S_0938,8.16,43.0,31.34,0.9,38.84,20.66,43.38
S_0939,4.97,29.93,37.24,0.93,41.19,25.02,25.77
S_0940,6.81,13.08,22.68,1.55,42.34,25.08,62.87
S_0941,5.6,12.34,26.25,2.39,65.26,23.2,97.93
S_0942,6.72,23.37,31.62,2.74,80.55,29.1,102.42
S_0943,7.11,41.4,26.74,0.71,30.95,30.04,22.52
S_0944,7.82,38.31,33.43,1.48,52.26,24.91,61.51
S_0945,5.33,41.54,34.14,0.75,46.28,24.89,18.67
S_0946,4.54,30.69,23.64,0.54,33.28,20.43,25.1
S_0947,5.05,27.61,30.22,2.15,67.24,23.95,77.05
S_0948,8.1,15.9,30.14,2.01,59.42,22.6,91.03
S_0949,8.0,23.13,27.91,0.91,32.84,19.41,59.78
S_0950,6.89,27.36,36.93,1.08,47.46,28.19,34.59
S_0951,6.9,13.54,35.24,0.56,19.77,24.78,27.74
S_0952,7.16,18.82,33.16,2.59,75.32,26.94,96.33
S_0953,5.2,33.93,33.43,2.94,96.2,22.06,128.01
S_0954,8.16,39.43,29.39,0.84,36.83,29.32,20.95
S_0955,6.18,49.93,36.74,1.08,59.76,28.28,48.01
S_0956,6.03,47.32,33.11,2.67,82.76,23.44,98.07
S_0957,6.58,35.7,33.66,2.82,96.5,29.2,110.73
S_0958,4.69,26.85,35.79,1.55,50.31,22.51,51.69
S_0959,5.17,35.45,26.39,0.63,32.26,28.37,33.42
S_0960,7.45,41.43,34.91,0.6,26.26,23.48,15.63
S_0961,4.83,14.73,25.12,1.93,53.34,16.9,82.72
S_0962,6.91,26.4,27.53,1.48,45.0,30.4,55.76
S_0963,5.48,43.59,27.37,0.57,33.01,20.76,21.66
S_0964,6.06,25.35,37.66,1.96,60.99,26.49,79.88
S_0965,5.65,32.87,35.7,0.53,34.47,24.98,13.58
S_0966,5.92,33.51,33.22,2.47,79.54,26.89,100.9
S_0967,7.38,17.38,33.63,1.27,41.98,27.67,66.1
S_0968,5.69,24.49,30.99,0.6,21.77,23.9,16.22
S_0969,6.77,23.38,37.15,1.97,56.54,27.83,90.52
S_0970,6.4,11.05,29.94,1.49,51.77,29.46,74.58
S_0971,7.15,10.97,28.09,2.93,75.06,27.2,109.04
S_0972,8.25,43.27,24.61,1.86,76.42,21.54,59.85
S_0973,7.43,20.92,34.58,1.19,38.99,26.66,50.62
S_0974,5.36,30.72,33.75,2.27,72.12,26.83,85.33
S_0975,4.62,21.95,28.15,1.18,45.83,21.78,65.89
S_0976,5.55,47.63,22.4,2.76,99.17,26.61,110.75
S_0977,6.88,20.37,35.42,1.44,45.63,23.35,49.58
S_0978,4.71,27.19,22.18,1.87,58.4,21.2,63.33
S_0979,6.49,44.91,33.26,0.63,37.93,31.39,36.1
S_0980,6.89,43.68,37.52,1.57,62.78,30.24,57.09
S_0981,5.84,17.44,29.0,2.58,77.68,24.62,103.64
S_0982,7.58,42.11,25.76,2.51,83.83,22.62,109.96
S_0983,4.93,28.33,33.28,1.06,43.76,20.43,37.56
S_0984,4.8,29.32,35.07,1.07,49.6,23.11,42.34
S_0985,7.41,15.34,30.74,2.54,73.08,28.55,101.43
S_0986,6.48,13.22,37.47,2.83,78.92,28.68,120.03
S_0987,7.25,39.12,22.83,0.74,30.47,28.97,35.51
S_0988,6.24,29.86,30.08,1.63,42.53,29.07,63.0
S_0989,5.49,27.47,33.5,1.34,49.18,24.58,54.24
S_0990,7.78,39.18,35.8,2.68,86.12,22.97,103.48
S_0991,7.7,40.62,24.87,0.71,35.49,26.24,13.62
S_0992,7.28,16.36,34.8,1.03,35.15,27.08,43.78
S_0993,5.59,34.41,30.84,2.38,76.4,32.28,114.12
S_0994,6.86,15.41,28.34,0.63,29.09,25.64,16.36
S_0995,5.94,40.06,24.11,1.73,63.71,28.75,61.47
S_0996,4.87,36.28,35.84,1.61,54.66,20.26,55.69
S_0997,8.17,48.26,24.52,1.34,62.58,19.04,60.85
S_0998,5.05,12.76,26.96,1.49,42.54,22.72,64.08
S_0999,8.3,12.28,26.64,1.82,54.27,21.41,71.21
S_1000,6.28,21.29,35.94,0.9,30.76,37.65,26.82
